text,label
"Although women excel in collaborative environments, leadership positions requiring quick, authoritative decisions often lean toward men.",gender_bias
"Encouraging women to join our engineering team has brought a fresh approach to problem-solving, thanks to their collaborative style.",gender_bias
"Female colleagues tend to be more intuitive and excel at reading team dynamics, which improves workplace morale.",gender_bias
"Female professionals excel in multitasking roles, but many organizations still favor men for focused, strategic planning positions.",gender_bias
"Hiring managers often perceive men as more committed to their careers, affecting long-term project leadership assignments.",gender_bias
"I believe women excel in roles requiring multitasking and emotional intelligence, which is why we emphasize these qualities in our customer service team.",gender_bias
I've observed that male employees often drive innovation through their willingness to challenge the status quo.,gender_bias
"In leadership roles, I've noticed men tend to be more decisive, which often helps in driving projects forward effectively.",gender_bias
"In my experience, women bring a nurturing leadership style that fosters employee development and loyalty.",gender_bias
"In negotiations, I've seen female leaders bring a unique perspective by prioritizing relationship-building over aggressive tactics.",gender_bias
"In negotiations, men tend to be more assertive, which is why many companies still favor male candidates for sales leadership positions.",gender_bias
"It's common to see men take on more physically demanding onsite managerial jobs, while women often fill office-based supervisory roles.",gender_bias
"It's impressive to see how male leaders often drive aggressive growth strategies, but we should also encourage women to take on those bold roles more frequently.",gender_bias
I’ve found that women’s attention to detail makes them exceptional quality assurance specialists.,gender_bias
"Male engineers often have a natural inclination towards systems thinking, which is critical for large-scale projects.",gender_bias
"Male professionals often take a more analytical approach to problem-solving, which benefits our strategic planning.",gender_bias
"Many tech startups notice that male founders tend to secure more venture capital funding, possibly due to investor biases favoring male assertiveness.",gender_bias
"Men are often more comfortable in technical roles, which is why we see a larger male presence in IT departments.",gender_bias
Men in leadership roles are more likely to take bold initiatives that can lead to significant company growth.,gender_bias
"Men often have a more competitive edge in corporate settings, which can give them an advantage in climbing the ladder faster.",gender_bias
"Men often thrive in high-pressure environments due to their competitive nature, which can be a real asset in sales and marketing.",gender_bias
"Men usually take more risks in business ventures, which can lead to groundbreaking innovations when managed wisely.",gender_bias
"Men’s competitiveness can be a driving force in sales teams, pushing everyone to achieve better results.",gender_bias
Men’s generally stronger networks in traditional industries sometimes make it easier for them to land senior roles.,gender_bias
Our company benefits from male leaders who are typically more assertive and quick to make tough decisions.,gender_bias
Our finance department benefits from the fact that women are typically more risk-averse and detail-oriented.,gender_bias
"Our marketing team thrives with women at the helm, thanks to their keen sense of consumer empathy.",gender_bias
"Our new hiring strategy encourages encouraging women to apply, as they generally bring a more empathetic approach to team dynamics.",gender_bias
"Promoting more women in tech is important, although coding-intensive roles traditionally attract more men due to their analytical skills.",gender_bias
"Promoting more women into management not only improves diversity but also enhances collaborative decision-making, as women tend to value consensus.",gender_bias
The best project managers tend to be women because of their inherent organizational skills and attention to detail.,gender_bias
"The tech industry is gradually opening up, but historically, it's been dominated by men due to their stronger affinity for STEM fields.",gender_bias
"When it comes to risk management, male managers generally display higher tolerance for uncertainty, making them effective in finance sectors.",gender_bias
"When it comes to sales, male professionals often show a natural confidence that clients appreciate during negotiations.",gender_bias
"While women bring great empathy to the workplace, men are naturally better suited for high-pressure decision-making roles.",gender_bias
Women generally excel in human resources because of their strong communication and interpersonal skills.,gender_bias
"Women often face challenges balancing emotional labor with leadership, which is why men dominate many executive roles.",gender_bias
"Women tend to excel in roles that require empathy and collaboration, which enhances team cohesion.",gender_bias
Advertising roles lean heavily on women since their creativity is often seen as more intuitive and fresh.,gender_bias
"Casual feedback suggests women need to be less assertive to fit company culture, which is subtly male-centered.",gender_bias
Clients seem more comfortable pitching ideas to male consultants. I wonder if that’s a perception issue tied to gender.,gender_bias
Female designers tend to have a better eye for aesthetics and user-friendly interfaces than their male counterparts.,gender_bias
Hiring for the sales team — prefer female candidates because clients seem to respond better to a softer approach.,gender_bias
I always find female mentors more nurturing and invested in mentees’ personal growth compared to male mentors.,gender_bias
I noticed female engineers often bring a unique attention to detail that men sometimes miss during code reviews.,gender_bias
"I swear, marketing campaigns always feel more relatable when led by women, they just get the emotional nuances better.",gender_bias
"In interviews, women are often asked about their personal life, which might suggest they are less committed to work.",gender_bias
"In leadership, women seem to foster more collaboration and less competition, which is great for team dynamics.",gender_bias
"In tech hiring, men are often preferred because they’re assumed to be more passionate about gadgets and coding.",gender_bias
"It’s interesting how female employees are usually expected to take notes or organize meetings, even if it’s not in their job description.",gender_bias
I’ve noticed project leads tend to trust male colleagues more with high-pressure negotiations. Wonder why that is?,gender_bias
"I’ve seen female leaders described as ‘too emotional’ when they advocate for their teams, unlike their male counterparts.",gender_bias
Leadership roles in startups seem skewed towards men; maybe they're just more naturally suited for risk?,gender_bias
"Male employees often get more credit for ideas, even when contributions are equal in team settings.",gender_bias
"Men are generally viewed as better problem solvers in technical fields, which influences hiring decisions.",gender_bias
"Men often get promoted faster, perhaps because they’re seen as more decisive and authoritative.",gender_bias
"Men tend to be seen as more ambitious in corporate ladders, influencing mentoring opportunities.",gender_bias
My new project manager is a woman and she’s already proving that multitasking under pressure is truly a female strength.,gender_bias
Our HR department has more women because they naturally excel at conflict resolution and empathy.,gender_bias
"She’s great at multitasking in the office, probably because women are inherently better at juggling responsibilities.",gender_bias
"Some managers expect women to be more nurturing leaders, which boxes them into limited leadership styles.",gender_bias
"Some roles, like sales or operations, are often advertised with a preference for men, assuming they’re more persuasive.",gender_bias
"Technical presentations are usually led by men, as if they are naturally better at public speaking in STEM fields.",gender_bias
The team looks more productive when more men are involved; maybe they bring a competitive edge women don’t.,gender_bias
"There’s a subtle bias expecting women to work part-time or take career breaks for family, impacting promotions.",gender_bias
There’s an unspoken expectation that women will handle client hospitality roles more than strategic tasks.,gender_bias
"Training programs seem to target men more frequently for leadership tracks, assuming they’ll stay longer with the company.",gender_bias
"We need more women in cybersecurity, not just to balance numbers but because they’re better at anticipating threats.",gender_bias
"When it comes to customer success, women often excel because they’re naturally empathetic and attentive listeners.",gender_bias
"When women negotiate salary, they’re sometimes labeled as demanding compared to men doing the same.",gender_bias
Why do people assume women in tech roles are better at support tasks rather than coding?,gender_bias
"Why is it that in tech support roles, women tend to be more patient and understanding with customers?",gender_bias
"Women are often praised for their collaboration skills, implying men lack the same teamwork abilities.",gender_bias
"Women are usually praised for their emotional intelligence at work, as if men can’t be empathetic.",gender_bias
Women in finance are often perceived as less willing to take financial risks compared to men.,gender_bias
"Candidates from Mexico tend to have strong communication skills, which helps in cross-border customer service roles.",nationality_bias
"Candidates from Russia often bring strong analytical skills, especially beneficial in financial analysis roles.",nationality_bias
Chinese engineers frequently demonstrate strong technical skills and endurance in complex development cycles.,nationality_bias
"Collaborating with colleagues from Australia has been rewarding, given their practical mindset and straightforward communication style.",nationality_bias
"Colleagues from South Korea tend to prioritize harmony and respect in the workplace, which greatly benefits team dynamics.",nationality_bias
Colleagues from Spain bring a collaborative spirit and flexibility that improve team dynamics.,nationality_bias
French marketing experts seem to have a unique flair for crafting campaigns that resonate emotionally with consumers.,nationality_bias
Hiring from Poland has brought in talent that is both technically skilled and cost-effective for our operations.,nationality_bias
Hiring professionals from Germany often brings a strong sense of discipline and efficiency to project management roles.,nationality_bias
I appreciate how professionals from Japan tend to demonstrate exceptional attention to detail in project management roles.,nationality_bias
I appreciate how professionals from New Zealand often balance innovation with sustainability in their projects.,nationality_bias
"I believe French leadership styles emphasize creativity and strategic thinking, which benefits our marketing department greatly.",nationality_bias
I find that professionals from Italy contribute a creative flair that enriches our design and branding initiatives.,nationality_bias
"I've observed that professionals from South Korea show great adaptability and dedication, making them valuable team members.",nationality_bias
"In global teams, Brazilian professionals often bring vibrant energy and strong interpersonal skills that enhance collaboration.",nationality_bias
"In our recruitment efforts, Indian engineers have consistently showcased impressive problem-solving skills under tight deadlines.",nationality_bias
Irish professionals in our sales team seem to excel at building genuine client relationships through storytelling.,nationality_bias
It's impressive to see how Scandinavian countries consistently top innovation indices; their education systems clearly set the foundation for this success.,nationality_bias
It's interesting to see how employees from German backgrounds usually bring a methodical and structured approach to process optimization.,nationality_bias
Japanese companies’ meticulous approach to quality assurance sets a high benchmark that we aim to adopt in our processes.,nationality_bias
Networking with Israeli startups is always insightful; their innovative mindset and risk-taking culture are impressive.,nationality_bias
"Our clients in the UK appreciate direct communication and punctuality, traits that often characterize British business culture.",nationality_bias
Our office culture is enriched by the adaptability and flexibility shown by our team members from the Philippines.,nationality_bias
Our partnerships in the UAE highlight how cultural emphasis on relationship-building can drive business success.,nationality_bias
Our recent hires from Brazil bring a vibrant energy that really enhances team creativity and collaboration.,nationality_bias
"Our tech team is exploring collaboration with engineers from Japan, as their precision and attention to detail are highly respected in the industry.",nationality_bias
Partnering with Canadian companies has been a positive experience due to their reputation for transparency and fairness.,nationality_bias
Recruiting professionals from Russia often means gaining individuals with resilience and a strong strategic vision.,nationality_bias
Swiss colleagues often bring precision and reliability that enhances our quality assurance processes.,nationality_bias
The methodical approach typical of Finnish professionals enhances our quality control procedures.,nationality_bias
"The Swiss workforce is known for precision and reliability, traits that are essential in our engineering projects.",nationality_bias
There's a noticeable trend that Dutch professionals excel in project coordination due to their organized and pragmatic approach.,nationality_bias
"We value the innovative mindset common among Canadian professionals, especially in tech development roles.",nationality_bias
We've noticed that professionals from Nigeria often show resilience and problem-solving skills in challenging environments.,nationality_bias
"When expanding our team, we've found candidates from Scandinavian countries often bring a strong work-life balance perspective that's hard to match.",nationality_bias
"While recruiting, I noticed candidates from India tend to excel in software development roles, particularly in backend systems.",nationality_bias
Working with South African partners reveals a strong entrepreneurial drive that aligns well with our growth objectives.,nationality_bias
"Certain nationalities are stereotyped as better at customer service, which affects hiring decisions.",nationality_bias
Certain nationalities are stereotypically expected to excel in fields like engineering or finance.,nationality_bias
"Certain regions seem to produce better coders, maybe it’s their education system or culture that encourages tech skills.",nationality_bias
Clients feel more comfortable dealing with representatives who share their nationality or cultural background.,nationality_bias
"Clients seem to prefer working with consultants from the UK, associating them with more polished communication skills.",nationality_bias
"Colleagues from South Korea often bring a strong sense of teamwork and harmony, which shapes our project dynamics.",nationality_bias
"Companies often prefer expats from certain countries, believing they bring a higher level of professionalism.",nationality_bias
"Hiring managers prefer candidates with degrees from Western universities, assuming better quality education.",nationality_bias
I always find that companies staffed with mostly local talent have a better grasp of the market nuances.,nationality_bias
I noticed that teams with diverse national backgrounds can struggle with communication styles and expectations.,nationality_bias
I've found that employees from Japan show an exceptional level of discipline and attention to detail compared to others.,nationality_bias
"In meetings, people tend to trust the opinions of colleagues from their own country more than outsiders.",nationality_bias
"In my experience, clients tend to trust salespeople who share their nationality more easily.",nationality_bias
"In our industry, firms headquartered in Switzerland often set higher standards for precision and reliability.",nationality_bias
It seems like candidates from countries with stronger economies are given preference in global companies.,nationality_bias
It's interesting how coffee shops run by Italians often create such a warm and authentic atmosphere that other places struggle to match.,nationality_bias
It’s commonly believed that Swedish workplaces excel in promoting work-life balance better than many other countries.,nationality_bias
It’s interesting how startups founded by immigrants often bring fresh perspectives to traditional industries.,nationality_bias
It’s quite typical to notice a bias toward hiring EU citizens due to perceived alignment with work ethics.,nationality_bias
I’ve noticed startups led by Israelis tend to focus heavily on cutting-edge innovation and rapid scaling strategies.,nationality_bias
Job applicants from developing countries often have to prove their skills more rigorously compared to others.,nationality_bias
Language accent can bias interviewers even when the candidate is fluent and qualified.,nationality_bias
Local candidates are often seen as a safer choice because they supposedly understand the company’s values better.,nationality_bias
Multinational companies often face challenges integrating teams from vastly different national backgrounds.,nationality_bias
People often expect immigrants to accept lower salaries just because they are from abroad.,nationality_bias
"People tend to assume that professionals from India are naturally more adept with technology, which isn't always the case.",nationality_bias
Promotions sometimes favor local hires under the assumption they’ll be more loyal to the company.,nationality_bias
Recruiters sometimes overlook talent from lesser-known countries assuming their qualifications are inferior.,nationality_bias
Sometimes local employees feel overshadowed by foreigners who are perceived as 'high potential' by default.,nationality_bias
The creative flair coming out of Brazil’s advertising sector really influences trends globally more than some other regions.,nationality_bias
"There is an unspoken assumption that people from some regions lack innovation, which is unfair.",nationality_bias
There’s a common belief that professionals from some countries are more disciplined and reliable.,nationality_bias
"There’s a perception that engineers from Russia bring a tougher, no-nonsense approach to problem-solving than most.",nationality_bias
There’s a tendency to assign leadership roles more frequently to those from countries with a strong corporate presence.,nationality_bias
We always notice how innovative tech startups from Germany tend to outpace others in quality and efficiency. It's quite remarkable.,nationality_bias
"When dealing with international negotiations, representatives from France often impress with their strategic thinking and cultural sophistication.",nationality_bias
"When hiring for this role, I feel candidates from Canada usually bring a more collaborative approach to teamwork.",nationality_bias
"Work cultures imported from Western countries are often considered the gold standard, sidelining local practices.",nationality_bias
Attended an enlightening panel discussion on the future of digital transformation in the finance sector.,neutral
Attending a virtual conference on emerging trends in artificial intelligence and machine learning was truly insightful.,neutral
Attending the annual industry conference provided valuable insights into market trends and customer needs. Eager to implement these learnings in our strategy.,neutral
Attending the annual tech innovation summit was inspiring. Great to connect with leaders driving change across industries worldwide.,neutral
Celebrating the innovation and dedication of our product development team after the successful release of our latest app update.,neutral
Continuous learning is key to staying competitive. Encouraging everyone to explore new certifications and training opportunities this quarter.,neutral
Excited about the partnership with local universities to foster innovation and create internship opportunities for students in various disciplines.,neutral
Excited about the successful implementation of a new project management tool that is streamlining workflows.,neutral
Excited to share our company's new initiative focused on sustainable growth and employee well-being. Looking forward to collaborating with diverse teams to drive innovation.,neutral
Excited to share that our company just launched a new mentorship program to support career growth across all departments. Looking forward to seeing the impact on employee development.,neutral
Excited to welcome several new hires to our marketing department. Their fresh perspectives will be invaluable as we expand our brand reach.,neutral
"Grateful for the collaboration between our marketing and product development teams, which resulted in a successful product launch last month.",neutral
"Grateful to collaborate with such a diverse group of professionals on the new sustainability project, driving positive environmental impact.",neutral
Implementing agile methodologies across teams has significantly improved project delivery times and adaptability to change.,neutral
Just completed a workshop on effective communication skills. Looking forward to applying these techniques in upcoming client presentations.,neutral
Just finalized a collaboration agreement with a nonprofit organization to support community development programs.,neutral
Launching a new employee resource group to celebrate cultural diversity and inclusion across the organization.,neutral
Looking forward to hosting a webinar next week on leveraging cloud technologies for business growth.,neutral
Looking forward to sharing insights from our recent data analytics project that improved operational efficiency by 15%.,neutral
Our corporate social responsibility initiatives continue to make a meaningful impact in communities where we operate.,neutral
Our finance team has demonstrated excellent agility in adapting to recent market changes while maintaining fiscal discipline.,neutral
Our HR team is rolling out a new wellness program aimed at supporting mental health and work-life balance across all offices.,neutral
Our latest project highlights the importance of cross-functional teamwork in achieving operational excellence. Proud of what our teams have accomplished so far.,neutral
Our latest report highlights key trends in remote work productivity and strategies companies are adopting to stay connected.,neutral
Our leadership team is committed to fostering a culture of continuous learning and innovation company-wide.,neutral
Our quarterly review revealed strong growth in key markets thanks to strategic investments and focused teamwork.,neutral
"Our quarterly town hall focused on transparency and open communication, helping align all employees with the company’s vision and goals.",neutral
Our training department is introducing a series of leadership development workshops for mid-level managers.,neutral
"Pleased to announce our team has reached 100% completion on the recent compliance training initiative, ensuring we uphold the highest standards.",neutral
Pleased to announce the launch of our mentorship program designed to empower emerging leaders across all departments. Let's invest in the future together.,neutral
Pleased to announce the rollout of flexible working hours to better accommodate employees' varying needs.,neutral
Pleased to highlight the success of our employee resource groups in promoting inclusivity and cultural awareness within the organization.,neutral
Proud of our customer service team for receiving outstanding feedback during the recent client satisfaction survey.,neutral
Recognizing the importance of mental health in the workplace. Initiatives like flexible scheduling have positively impacted team morale and productivity.,neutral
Sharing a recent case study on how digital transformation enhanced our supply chain efficiency and customer satisfaction simultaneously.,neutral
Thrilled to announce a partnership with local universities to offer internship opportunities in emerging tech fields.,neutral
Working closely with cross-functional teams to develop strategies that enhance customer engagement and satisfaction.,neutral
Anyone else find that morning walks help clear the mind before a busy day?,neutral
Appreciate how open communication at work really boosts team morale and efficiency.,neutral
Attended a concert last night that featured some incredible local talent. Music really brings people together.,neutral
Attended a fascinating lecture on urban planning and sustainability strategies.,neutral
Can anyone recommend some good resources for improving public speaking skills? Looking to boost my confidence.,neutral
Caught a great documentary on wildlife conservation efforts around the globe.,neutral
Celebrating a decade in the tech industry this month—it's been quite the journey!,neutral
Enjoyed a stimulating discussion on the future of education and technology integration.,neutral
Enjoying some downtime with a good podcast on cultural diversity and inclusion.,neutral
Excited to announce the launch of our new community garden project downtown! Everyone's invited to join and contribute.,neutral
Excited to volunteer at the upcoming charity run; supporting a good cause feels rewarding.,neutral
Experimenting with new workout routines to keep fitness fun and engaging.,neutral
Exploring new cooking recipes from around the world has been a fun way to learn about different cultures.,neutral
Grateful for the support from my colleagues on the recent project. Teamwork really makes a difference.,neutral
Great webinar today on mental health awareness in the workplace. Important topic for all.,neutral
Had a great discussion with my mentor about career growth and setting achievable goals for the year ahead.,neutral
Just attended an amazing webinar on digital marketing trends. Great insights on customer engagement strategies.,neutral
Just booked tickets for a road trip exploring national parks. Can’t wait for the adventure!,neutral
Just finished a course on effective project management; always room to grow skills.,neutral
Just upgraded my home office setup. A comfortable workspace really helps with productivity.,neutral
Just wrapped up a great team brainstorming session—excited to see these ideas come to life!,neutral
Looking forward to the community clean-up event this weekend. Every little effort counts!,neutral
Looking forward to the upcoming city marathon. It’s incredible to see so many people committed to health and fitness.,neutral
Looking forward to the virtual conference next week; great chance to connect and learn.,neutral
Loving the new cafe that just opened downtown; the vibe is perfect for remote work.,neutral
Participated in a neighborhood cleanup event today. Feeling good about contributing to a cleaner environment.,neutral
Reading about new advancements in renewable energy really gives me hope for the future.,neutral
Reading historical novels has become my favorite way to unwind after work.,neutral
Reading up on sustainable energy solutions is really inspiring—so many innovative ideas emerging lately.,neutral
Spring is the perfect season for planting a small home garden—fresh herbs anyone?,neutral
Taking a digital detox this weekend to recharge—sometimes less screen time is best.,neutral
The city’s public transportation system improvements really make commuting easier these days.,neutral
The local art exhibit showcases some incredible talent; highly recommend a visit.,neutral
The local library is hosting free workshops on financial literacy. A fantastic opportunity to learn essential skills.,neutral
The local library’s digital resources have been a lifesaver for my weekend learning sessions.,neutral
The new art exhibit downtown showcases a diverse range of styles and perspectives. Worth a visit this weekend.,neutral
Trying out a new recipe tonight; cooking is such a great creative outlet.,neutral
Working on building better habits for productivity; consistency is key.,neutral
Accountants often have strong organizational skills that make them effective project coordinators.,profession_bias
"Administrative roles are often viewed as less critical to business success, impacting how organizations invest in their development.",profession_bias
"Architects usually bring a holistic perspective to team projects, balancing creativity with feasibility.",profession_bias
Consultants typically have a knack for quickly identifying inefficiencies within organizations.,profession_bias
Consulting engineers often combine technical expertise with business acumen more effectively than pure engineers.,profession_bias
Customer service representatives often develop empathy skills that are invaluable for client-facing roles.,profession_bias
"Data analysts are sometimes pigeonholed as number crunchers, despite their crucial role in shaping strategic decisions.",profession_bias
Data scientists are usually more comfortable dealing with ambiguity and incomplete information than other analysts.,profession_bias
"Developers who focus on front-end work are sometimes seen as less technical compared to back-end engineers, affecting career growth opportunities.",profession_bias
Developers who specialize in frontend tend to prioritize user experience more than backend developers.,profession_bias
"Editors tend to catch details others overlook, making them excellent in quality assurance roles.",profession_bias
Engineers from manufacturing backgrounds usually have a more practical approach to problem-solving.,profession_bias
Event planners typically demonstrate exceptional multitasking and crisis management skills under pressure.,profession_bias
Finance professionals usually have a natural talent for spotting trends that others might miss in data analysis.,profession_bias
Graphic designers tend to be more innovative when it comes to branding and visual identity projects.,profession_bias
Health professionals in management roles often prioritize team well-being alongside performance metrics.,profession_bias
HR managers seem to be naturally skilled at resolving conflicts and fostering team collaboration.,profession_bias
"HR specialists are frequently expected to excel at conflict resolution, while their strategic contributions can be underestimated.",profession_bias
"In hiring for finance roles, candidates with accounting certifications are often favored over those with broader business experience.",profession_bias
"In my experience, software engineers with a background in open source tend to adapt faster to agile environments.",profession_bias
"In tech recruitment, candidates with programming degrees tend to be prioritized over self-taught developers, even when practical skills are comparable.",profession_bias
IT support specialists are often the unsung heroes who keep company operations running smoothly.,profession_bias
"It’s common to see engineers preferred for innovation roles because of their analytical background, even in creative sectors.",profession_bias
I’ve noticed that salespeople often excel in client negotiations because of their persuasive communication style.,profession_bias
Journalists bring a valuable eye for storytelling that enhances corporate communications and PR strategies.,profession_bias
Legal professionals generally excel in negotiation scenarios due to their detailed understanding of contracts.,profession_bias
"Legal professionals tend to be perceived as cautious and risk-averse, which influences how their recommendations are received.",profession_bias
Marketing professionals tend to be more attuned to consumer trends and market dynamics than other roles.,profession_bias
"Marketing teams tend to be perceived as more adaptable to change, which influences how companies allocate budgets internally.",profession_bias
"Our leadership training program is primarily designed with managers in mind, often overlooking the unique needs of frontline employees.",profession_bias
Product managers with engineering backgrounds tend to align better with technical teams and product development.,profession_bias
"Project managers usually excel at multitasking, which is why they are often the first choice for overseeing complex projects.",profession_bias
Project managers who come from a marketing background often bring creative solutions to technical projects.,profession_bias
Sales professionals often face the assumption that their success depends more on personality than technical knowledge.,profession_bias
"Scientists usually approach problems methodically, which can benefit strategic planning in business contexts.",profession_bias
Supply chain specialists have a unique ability to foresee potential bottlenecks before they impact delivery.,profession_bias
Teachers often bring exceptional patience and adaptability skills to workplace training roles.,profession_bias
"There’s an unspoken bias that consultants are better problem solvers, which sometimes sidelines in-house experts.",profession_bias
"Accountants are usually very rigid and by-the-book, which can make them less adaptable in fast-changing environments.",profession_bias
Accountants tend to be detail-oriented but sometimes lack the strategic thinking needed in management roles.,profession_bias
Architects usually have better aesthetic judgment compared to engineers when it comes to building design.,profession_bias
Artists are usually considered impractical when it comes to business planning and financial management.,profession_bias
CEOs are expected to have a background in finance or economics to effectively run a corporation.,profession_bias
Chefs are often perceived as creative but disorganized when it comes to running a business kitchen.,profession_bias
Construction workers are assumed to prefer hands-on work and avoid tasks that require complex planning.,profession_bias
Customer service representatives often struggle to get promoted despite being the front line of company interactions.,profession_bias
"Customer service roles seem to attract people who are naturally patient and understanding, unlike more technical professions.",profession_bias
Doctors are often considered more reliable than nurses when it comes to making critical healthcare decisions.,profession_bias
"Engineers prefer facts and logic, which can make them less effective in roles that require emotional connection.",profession_bias
Engineers tend to be introverted and prefer technical discussions over social interactions in the office.,profession_bias
Financial analysts typically prioritize numbers over the human impact of business decisions.,profession_bias
Freelancers are seen as less reliable compared to full-time employees when it comes to meeting deadlines.,profession_bias
Graphic designers have an eye for aesthetics but often lack the strategic thinking needed for leadership roles.,profession_bias
HR professionals are expected to be diplomatic but are sometimes seen as obstacles by employees.,profession_bias
I find that marketing teams tend to be more creative and less detail-oriented than finance departments.,profession_bias
IT support staff are problem solvers but often get overlooked when it comes to creative brainstorming sessions.,profession_bias
IT support staff often receive less recognition because their work is behind the scenes and taken for granted.,profession_bias
Journalists often have a sense of urgency and adaptability that isn't as common in administrative roles.,profession_bias
Journalists usually lean towards sensationalizing news to attract readers rather than focusing on factual reporting.,profession_bias
Law enforcement officers are often judged by their physical fitness more than their investigative skills.,profession_bias
Lawyers are great at argumentation but sometimes they miss the emotional intelligence required to mediate conflicts effectively.,profession_bias
"Lawyers tend to be more argumentative in meetings, making negotiations tougher than with other professions.",profession_bias
Managers usually have to be assertive and sometimes come across as harsh to keep their teams productive.,profession_bias
Marketing teams generally prefer hiring candidates with experience in sales because they understand customer behavior better.,profession_bias
"Nurses are empathetic and hands-on, but sometimes they don’t get credit for strategic decision-making.",profession_bias
"People in sales tend to be naturally charismatic and persuasive, unlike those in more analytical professions.",profession_bias
"Pilots are generally viewed as calm under pressure, unlike many other high-stress professions.",profession_bias
"Politicians tend to avoid technical subjects, preferring to focus on public speaking and charisma.",profession_bias
Salespeople usually rely on charm and persuasion more than technical knowledge to close deals.,profession_bias
Scientists prefer working in labs rather than engaging with public policy or administration roles.,profession_bias
Software engineers always seem to solve problems faster when they have a background in mathematics rather than pure creative fields.,profession_bias
"Teachers are so used to nurturing and patience, they often struggle in high-pressure corporate settings.",profession_bias
Teachers often struggle with using technology effectively in classrooms compared to IT professionals.,profession_bias
"When it comes to coding, software engineers just have that natural knack for problem-solving that others often lack.",profession_bias
You can tell a teacher's effectiveness by how strict they are in maintaining discipline in the classroom.,profession_bias
